payment_id,application_id,customer_id,payment_number,scheduled_date,scheduled_amount,actual_date,actual_amount,principal_amount,interest_amount,remaining_balance,payment_status
2c4dc01c-99d8-48f1-bf96-085a3643eff2,2416fd7b-4e4f-4d29-a08a-fad3386e35f9,CUST10002,1,2025-05-01,818.42,2025-05-03,818.42,604.92,213.5,21615.69,On Time
c6ddfdd5-7e4a-41b5-9cb4-8ce3e28189cf,0c76df50-250e-4d4b-b619-9e2a896c1d8b,CUST10002,1,2025-04-28,1536.07,2025-04-27,1536.07,570.0,966.07,157155.9,On Time
23735b24-3609-49a6-997e-9148e55c8988,198677a3-e166-4a22-94ef-3c0a780905f8,CUST10002,1,2025-03-10,1961.68,2025-03-15,1961.68,1564.33,397.35,36611.58,On Time
f67f0f29-ebc0-4bd7-8060-7f27c2e2b9ce,198677a3-e166-4a22-94ef-3c0a780905f8,CUST10002,2,2025-04-09,1961.68,2025-04-05,1961.68,1580.61,381.07,35030.96,On Time
d2ac4f14-b25e-44c2-8bf6-aeb534d6209c,6ac7ab01-8a37-4a49-950a-cf7585db24a2,CUST10003,1,2025-03-12,1537.62,2025-03-15,1537.62,1251.62,286.0,31685.35,On Time
2ddb2d86-2304-4f39-a16f-5be804ba53c0,6ac7ab01-8a37-4a49-950a-cf7585db24a2,CUST10003,2,2025-04-11,1537.62,2025-04-16,1537.62,1262.49,275.13,30422.87,On Time
5bcca3b8-6410-4ed8-bcb0-3493132d58cc,7fda215d-25b2-4f5e-a749-9cebe35aad2a,CUST10003,1,2023-11-13,500.93,2023-11-15,500.93,344.34,156.59,28256.16,On Time
55f3185d-2ef4-4eae-9665-6826968de205,7fda215d-25b2-4f5e-a749-9cebe35aad2a,CUST10003,2,2023-12-13,500.93,2023-12-13,500.93,346.23,154.7,27909.93,On Time
9c195222-3f56-4230-aa92-c58ad568609a,7fda215d-25b2-4f5e-a749-9cebe35aad2a,CUST10003,3,2024-01-12,500.93,2024-01-14,500.93,348.12,152.81,27561.81,On Time
c03e6703-e017-45a6-a934-10816cfaaf11,7fda215d-25b2-4f5e-a749-9cebe35aad2a,CUST10003,4,2024-02-11,500.93,2024-03-10,500.93,350.03,150.9,27211.78,Late 30 Days
1ffefb16-d99d-426f-ab50-c5ad4194e44e,7fda215d-25b2-4f5e-a749-9cebe35aad2a,CUST10003,5,2024-03-12,500.93,2024-03-16,500.93,351.95,148.98,26859.83,On Time
71d75706-ad07-4ffb-9a1a-ffe6fde2214f,7fda215d-25b2-4f5e-a749-9cebe35aad2a,CUST10003,6,2024-04-11,500.93,2024-04-12,500.93,353.87,147.06,26505.96,On Time
e0fb9cfb-e0ba-4b15-a9ac-c02354724d8c,7fda215d-25b2-4f5e-a749-9cebe35aad2a,CUST10003,7,2024-05-11,500.93,2024-05-06,500.93,355.81,145.12,26150.15,On Time
837b44a5-d7be-4cf9-a90f-3b4bcd95b74d,7fda215d-25b2-4f5e-a749-9cebe35aad2a,CUST10003,8,2024-06-10,500.93,2024-06-14,500.93,357.76,143.17,25792.39,On Time
3f921004-b4c1-474b-81b9-bd5e5f3c54d6,7fda215d-25b2-4f5e-a749-9cebe35aad2a,CUST10003,9,2024-07-10,500.93,2024-07-06,500.93,359.72,141.21,25432.68,On Time
362bd914-9246-4bc7-a72d-50944fa855e8,7fda215d-25b2-4f5e-a749-9cebe35aad2a,CUST10003,10,2024-08-09,500.93,2024-08-08,500.93,361.69,139.24,25070.99,On Time
36147c3d-f19b-4611-b4b5-f7d7d002a46f,7fda215d-25b2-4f5e-a749-9cebe35aad2a,CUST10003,11,2024-09-08,500.93,2024-09-12,500.93,363.67,137.26,24707.32,On Time
ba70bbdb-2e3e-465e-b194-1741917cb13a,7fda215d-25b2-4f5e-a749-9cebe35aad2a,CUST10003,12,2024-10-08,500.93,2025-01-30,500.93,365.66,135.27,24341.67,Late 90+ Days
034b9fbc-8d11-477a-9fd5-0b9e9936f5c6,7fda215d-25b2-4f5e-a749-9cebe35aad2a,CUST10003,13,2024-11-07,500.93,,0.0,367.66,133.27,24341.67,Missed
4f4c80cf-e420-4c11-8586-71d42821717d,7fda215d-25b2-4f5e-a749-9cebe35aad2a,CUST10003,14,2024-12-07,500.93,2024-12-07,500.93,367.66,133.27,23974.01,On Time
0b9e6108-c640-45ce-acba-5d38debc4f54,7fda215d-25b2-4f5e-a749-9cebe35aad2a,CUST10003,15,2025-01-06,500.93,2025-01-11,500.93,369.67,131.26,23604.33,On Time
5831700f-59ee-4c2a-a96b-7868a72025a5,7fda215d-25b2-4f5e-a749-9cebe35aad2a,CUST10003,16,2025-02-05,500.93,2025-01-31,500.93,371.7,129.23,23232.64,On Time
f693b471-47db-4fc0-8d3c-f90c35389f0b,7fda215d-25b2-4f5e-a749-9cebe35aad2a,CUST10003,17,2025-03-07,500.93,2025-03-09,500.93,373.73,127.2,22858.91,On Time
cde08196-3232-4baf-9be9-eb2e4ac6b813,7fda215d-25b2-4f5e-a749-9cebe35aad2a,CUST10003,18,2025-04-06,500.93,2025-04-10,500.93,375.78,125.15,22483.13,On Time
301e5e92-8e7d-48ca-9433-9de68966ab0a,7fda215d-25b2-4f5e-a749-9cebe35aad2a,CUST10003,19,2025-05-06,500.93,2025-05-10,500.93,377.83,123.1,22105.29,On Time
20ad4ac9-3477-4edd-bc1c-21bb858cd9bf,04b99922-a252-40aa-bdd7-32b53b2cc5b7,CUST10004,1,2025-01-26,45.9,2025-01-28,45.9,38.01,7.89,961.99,On Time
1b5ebcd5-b96c-4ba8-9894-0ec418044855,04b99922-a252-40aa-bdd7-32b53b2cc5b7,CUST10004,2,2025-02-25,45.9,2025-02-25,45.9,38.31,7.59,923.68,On Time
7942cab9-5d22-45b7-9a35-df69bf592dd8,04b99922-a252-40aa-bdd7-32b53b2cc5b7,CUST10004,3,2025-03-27,45.9,2025-03-29,45.9,38.61,7.29,885.07,On Time
35deeef4-4dc6-4c5e-a67c-2d06a787f408,04b99922-a252-40aa-bdd7-32b53b2cc5b7,CUST10004,4,2025-04-26,45.9,2025-04-30,45.9,38.92,6.98,846.16,On Time
d96d0312-2ea6-4a6c-ae90-4bb997b776f3,2e87cd8f-84c7-44b8-bdca-83f75ad8d3f0,CUST10004,1,2024-11-11,1854.62,2024-12-21,1854.62,1361.07,493.55,72856.26,Late 60 Days
0b50cd00-c1a7-4e3c-84e4-5f9b5f1480fe,2e87cd8f-84c7-44b8-bdca-83f75ad8d3f0,CUST10004,2,2024-12-11,1854.62,,0.0,1370.13,484.49,72856.26,Missed
37e041b2-e4a2-43d2-b39c-9658f9dea32c,2e87cd8f-84c7-44b8-bdca-83f75ad8d3f0,CUST10004,3,2025-01-10,1854.62,2025-01-11,1854.62,1370.13,484.49,71486.13,On Time
5902cf65-a8cc-4ab4-93cf-07e6e95a250c,2e87cd8f-84c7-44b8-bdca-83f75ad8d3f0,CUST10004,4,2025-02-09,1854.62,2025-02-14,1854.62,1379.24,475.38,70106.89,On Time
0bf8b714-2acb-44b3-b7ca-f398faa14d49,2e87cd8f-84c7-44b8-bdca-83f75ad8d3f0,CUST10004,5,2025-03-11,1854.62,,0.0,1388.41,466.21,70106.89,Missed
3431f220-9cfe-4b13-8827-a5fed2cf5e7e,2e87cd8f-84c7-44b8-bdca-83f75ad8d3f0,CUST10004,6,2025-04-10,1854.62,2025-04-29,1854.62,1388.41,466.21,68718.48,Late 30 Days
2f0c47a4-dc97-4ab2-bc16-e8268190043a,7fac5b90-edf3-4d34-aba4-d2e4adea8bcb,CUST10005,1,2022-08-23,580.83,2022-08-24,580.83,366.95,213.88,20791.54,On Time
09af583a-0c88-4157-aecc-7901cedfb064,7fac5b90-edf3-4d34-aba4-d2e4adea8bcb,CUST10005,2,2022-09-22,580.83,2022-09-19,580.83,370.66,210.17,20420.87,On Time
42d356c9-0b19-4b9d-9969-50b810cc664f,7fac5b90-edf3-4d34-aba4-d2e4adea8bcb,CUST10005,3,2022-10-22,580.83,2022-10-22,580.83,374.41,206.42,20046.47,On Time
5ef739a5-7743-4328-9c89-d89eae41b579,7fac5b90-edf3-4d34-aba4-d2e4adea8bcb,CUST10005,4,2022-11-21,580.83,2022-11-25,580.83,378.19,202.64,19668.27,On Time
f3e20c74-9764-4d32-98b3-f794dd3c72ca,7fac5b90-edf3-4d34-aba4-d2e4adea8bcb,CUST10005,5,2022-12-21,580.83,2022-12-21,580.83,382.02,198.81,19286.26,On Time
47c1aee8-3e15-483c-aa9c-260a1c51dc4d,7fac5b90-edf3-4d34-aba4-d2e4adea8bcb,CUST10005,6,2023-01-20,580.83,2023-03-29,580.83,385.88,194.95,18900.38,Late 90+ Days
8ac022e8-eb71-4cb7-ab08-d905d15aea58,7fac5b90-edf3-4d34-aba4-d2e4adea8bcb,CUST10005,7,2023-02-19,580.83,2023-02-19,580.83,389.78,191.05,18510.6,On Time
93c35ea0-e9b1-4006-a54e-4c240560fe94,7fac5b90-edf3-4d34-aba4-d2e4adea8bcb,CUST10005,8,2023-03-21,580.83,2023-03-19,580.83,393.72,187.11,18116.88,On Time
88e2556f-271f-45ec-a9df-cfa729e9b208,7fac5b90-edf3-4d34-aba4-d2e4adea8bcb,CUST10005,9,2023-04-20,580.83,2023-04-17,580.83,397.7,183.13,17719.18,On Time
98c3d603-e9e7-4dbe-82bd-da9e26222d9a,7fac5b90-edf3-4d34-aba4-d2e4adea8bcb,CUST10005,10,2023-05-20,580.83,2023-05-25,580.83,401.72,179.11,17317.46,On Time
aed87b50-f99b-49f2-94b1-3764fa4b610b,7fac5b90-edf3-4d34-aba4-d2e4adea8bcb,CUST10005,11,2023-06-19,580.83,2023-06-21,580.83,405.78,175.05,16911.68,On Time
a1330697-0383-4587-8c6c-7657dae93634,7fac5b90-edf3-4d34-aba4-d2e4adea8bcb,CUST10005,12,2023-07-19,580.83,2023-07-23,580.83,409.88,170.95,16501.8,On Time
fcb33aa7-b662-4334-8a91-7bbdb934e056,7fac5b90-edf3-4d34-aba4-d2e4adea8bcb,CUST10005,13,2023-08-18,580.83,2023-08-20,580.83,414.02,166.81,16087.78,On Time
bc62dbac-160d-4780-8173-ddfac666d737,7fac5b90-edf3-4d34-aba4-d2e4adea8bcb,CUST10005,14,2023-09-17,580.83,2023-09-16,580.83,418.21,162.62,15669.57,On Time
9d3620e7-e4da-4eef-979f-699eba24a1d4,7fac5b90-edf3-4d34-aba4-d2e4adea8bcb,CUST10005,15,2023-10-17,580.83,2023-12-01,302.75,422.44,158.39,15525.21,Late 60 Days
8ed5392d-0c6c-4db8-b490-545bc87e50be,7fac5b90-edf3-4d34-aba4-d2e4adea8bcb,CUST10005,16,2023-11-16,580.83,2023-11-12,580.83,423.9,156.93,15101.31,On Time
5175f1c6-625b-474b-b35c-0b6d9bd149a2,7fac5b90-edf3-4d34-aba4-d2e4adea8bcb,CUST10005,17,2023-12-16,580.83,2023-12-19,580.83,428.18,152.65,14673.13,On Time
6957bb13-e8e6-46b9-b207-2fa6196a5de7,7fac5b90-edf3-4d34-aba4-d2e4adea8bcb,CUST10005,18,2024-01-15,580.83,2024-04-26,580.83,432.51,148.32,14240.62,Late 90+ Days
325e983c-4218-48fd-9943-3917699f1982,7fac5b90-edf3-4d34-aba4-d2e4adea8bcb,CUST10005,19,2024-02-14,580.83,2024-02-09,580.83,436.88,143.95,13803.74,On Time
5889e2ff-2d51-4b74-aaf1-a5fbef61d485,7fac5b90-edf3-4d34-aba4-d2e4adea8bcb,CUST10005,20,2024-03-15,580.83,2024-03-11,580.83,441.3,139.53,13362.44,On Time
d2c0acb7-dca6-4bff-a9fc-ad377a76ec01,7fac5b90-edf3-4d34-aba4-d2e4adea8bcb,CUST10005,21,2024-04-14,580.83,2024-04-16,580.83,445.76,135.07,12916.69,On Time
95f238ca-1087-45b0-9c3d-386119900465,7fac5b90-edf3-4d34-aba4-d2e4adea8bcb,CUST10005,22,2024-05-14,580.83,2024-05-14,580.83,450.26,130.57,12466.42,On Time
81015fa9-1a9c-4033-b026-f915b8266312,7fac5b90-edf3-4d34-aba4-d2e4adea8bcb,CUST10005,23,2024-06-13,580.83,2024-06-13,580.83,454.82,126.01,12011.61,On Time
b22f8345-ec80-4a53-b0b0-99de65de34ae,7fac5b90-edf3-4d34-aba4-d2e4adea8bcb,CUST10005,24,2024-07-13,580.83,,0.0,459.41,121.42,12011.61,Missed
640e19e0-51cd-4269-993f-a353fcc9bc44,7fac5b90-edf3-4d34-aba4-d2e4adea8bcb,CUST10005,25,2024-08-12,580.83,2024-08-12,580.83,459.41,121.42,11552.2,On Time
6ced33bd-ea42-4cf8-9f58-fcfbc69fcad5,7fac5b90-edf3-4d34-aba4-d2e4adea8bcb,CUST10005,26,2024-09-11,580.83,2024-09-16,580.83,464.06,116.77,11088.14,On Time
747897dd-4f83-4433-aebd-5a0839b131b6,7fac5b90-edf3-4d34-aba4-d2e4adea8bcb,CUST10005,27,2024-10-11,580.83,2024-10-07,580.83,468.75,112.08,10619.39,On Time
820f3557-1bb6-4372-ab0e-98d8c9b218ee,7fac5b90-edf3-4d34-aba4-d2e4adea8bcb,CUST10005,28,2024-11-10,580.83,2024-11-15,580.83,473.49,107.34,10145.91,On Time
4cc5b7d2-20f9-4490-b4e4-65dd67b40043,7fac5b90-edf3-4d34-aba4-d2e4adea8bcb,CUST10005,29,2024-12-10,580.83,2024-12-06,580.83,478.27,102.56,9667.63,On Time
3365edb6-25d9-49b5-be03-3cb7903be12c,7fac5b90-edf3-4d34-aba4-d2e4adea8bcb,CUST10005,30,2025-01-09,580.83,2025-01-06,580.83,483.11,97.72,9184.53,On Time
aedad166-1cdc-4217-bea9-5cf0b57e0723,7fac5b90-edf3-4d34-aba4-d2e4adea8bcb,CUST10005,31,2025-02-08,580.83,2025-02-13,580.83,487.99,92.84,8696.54,On Time
d72aa5f6-6781-4206-9781-e2338accc19c,7fac5b90-edf3-4d34-aba4-d2e4adea8bcb,CUST10005,32,2025-03-10,580.83,2025-03-13,580.83,492.92,87.91,8203.62,On Time
31f8a00c-4542-4f1b-a384-4dad37d95971,7fac5b90-edf3-4d34-aba4-d2e4adea8bcb,CUST10005,33,2025-04-09,580.83,2025-04-07,580.83,497.91,82.92,7705.71,On Time
3340222a-cf85-43e3-8394-4a757039d011,ca3bb801-01c7-40b6-8aa3-264042471746,CUST10005,1,2025-05-02,708.66,2025-06-29,708.66,532.9,175.76,41399.01,Late 60 Days
0145ea3d-7e48-45f6-80db-52e359f50099,af034a32-b613-463b-ae22-a381fa76c59d,CUST10005,1,2024-10-06,105.87,2024-10-10,105.87,61.72,44.15,4825.58,On Time
ed4eca08-65fb-4840-8e55-0db263d07397,af034a32-b613-463b-ae22-a381fa76c59d,CUST10005,2,2024-11-05,105.87,2024-11-09,105.87,62.28,43.59,4763.3,On Time
30555ce1-2197-48f6-82c6-9e6867cf0933,af034a32-b613-463b-ae22-a381fa76c59d,CUST10005,3,2024-12-05,105.87,2024-12-06,105.87,62.84,43.03,4700.46,On Time
019880a9-c683-4414-b63c-3def4ed5a0fc,af034a32-b613-463b-ae22-a381fa76c59d,CUST10005,4,2025-01-04,105.87,2025-01-08,105.87,63.41,42.46,4637.05,On Time
1b8c4d29-0b58-4d8a-86f3-60c826c15fd7,af034a32-b613-463b-ae22-a381fa76c59d,CUST10005,5,2025-02-03,105.87,2025-02-06,105.87,63.98,41.89,4573.07,On Time
e86a5b6a-9c50-47da-bf5e-17c3d37c841e,af034a32-b613-463b-ae22-a381fa76c59d,CUST10005,6,2025-03-05,105.87,2025-03-03,105.87,64.56,41.31,4508.51,On Time
43655424-d43f-4ea7-a26f-1a7bde5264f0,af034a32-b613-463b-ae22-a381fa76c59d,CUST10005,7,2025-04-04,105.87,2025-04-06,105.87,65.14,40.73,4443.36,On Time
52fb0353-bfc5-488d-ad92-d10f75e61353,af034a32-b613-463b-ae22-a381fa76c59d,CUST10005,8,2025-05-04,105.87,2025-05-05,105.87,65.73,40.14,4377.63,On Time
3323868f-66f3-4fd1-b806-2de6372f3122,0190a0e2-19ba-47b3-a69c-37fcbaef45da,CUST10008,1,2023-07-21,294.83,2023-07-26,294.83,76.63,218.2,15840.81,On Time
89928766-2612-4fbd-85cf-5b31bf995f95,0190a0e2-19ba-47b3-a69c-37fcbaef45da,CUST10008,2,2023-08-20,294.83,2023-08-23,294.83,77.68,217.15,15763.13,On Time
31b5baaf-c23b-4ea9-a2ad-dd35b3b0c480,0190a0e2-19ba-47b3-a69c-37fcbaef45da,CUST10008,3,2023-09-19,294.83,2023-09-18,294.83,78.74,216.09,15684.39,On Time
779eb936-976c-4f7c-adea-26ef90ccebf7,0190a0e2-19ba-47b3-a69c-37fcbaef45da,CUST10008,4,2023-10-19,294.83,2023-10-15,294.83,79.82,215.01,15604.57,On Time
0996df11-02fa-447c-bfd7-288af20f2518,0190a0e2-19ba-47b3-a69c-37fcbaef45da,CUST10008,5,2023-11-18,294.83,2023-11-18,294.83,80.92,213.91,15523.65,On Time
230bb060-1bab-4d0c-b1f6-1a44e1f53b79,0190a0e2-19ba-47b3-a69c-37fcbaef45da,CUST10008,6,2023-12-18,294.83,2023-12-18,294.83,82.03,212.8,15441.62,On Time
85f73887-2381-4db4-8881-4c0faf5205b5,0190a0e2-19ba-47b3-a69c-37fcbaef45da,CUST10008,7,2024-01-17,294.83,2024-01-12,294.83,83.15,211.68,15358.47,On Time
31cb68df-ca59-414f-87c8-ad8f3a2f81c6,0190a0e2-19ba-47b3-a69c-37fcbaef45da,CUST10008,8,2024-02-16,294.83,2024-02-16,294.83,84.29,210.54,15274.18,On Time
7281f302-e708-4c88-aa49-f1fc42cef61a,0190a0e2-19ba-47b3-a69c-37fcbaef45da,CUST10008,9,2024-03-17,294.83,2024-03-19,294.83,85.45,209.38,15188.73,On Time
8642baf5-1052-4570-ad7e-e6e5117d8dd8,0190a0e2-19ba-47b3-a69c-37fcbaef45da,CUST10008,10,2024-04-16,294.83,2024-04-18,294.83,86.62,208.21,15102.12,On Time
00b0ed71-454f-4665-92b7-954027d69b39,0190a0e2-19ba-47b3-a69c-37fcbaef45da,CUST10008,11,2024-05-16,294.83,2024-05-25,294.83,87.81,207.02,15014.31,Late 30 Days
9e2d33e8-812a-4dba-83c9-5e90545e454d,0190a0e2-19ba-47b3-a69c-37fcbaef45da,CUST10008,12,2024-06-15,294.83,2024-06-11,294.83,89.01,205.82,14925.3,On Time
4f1aecb8-fe76-46fe-a951-151c5c5671f9,0190a0e2-19ba-47b3-a69c-37fcbaef45da,CUST10008,13,2024-07-15,294.83,2024-07-13,294.83,90.23,204.6,14835.07,On Time
3b3748e0-28c7-40dd-b4af-12368349e42a,0190a0e2-19ba-47b3-a69c-37fcbaef45da,CUST10008,14,2024-08-14,294.83,2024-08-10,294.83,91.47,203.36,14743.61,On Time
5970e1be-faa8-42ce-a0c3-6418aff5b1f1,0190a0e2-19ba-47b3-a69c-37fcbaef45da,CUST10008,15,2024-09-13,294.83,2024-09-18,294.83,92.72,202.11,14650.89,On Time
955024f4-76fc-4c1b-882d-0b4986369d8b,0190a0e2-19ba-47b3-a69c-37fcbaef45da,CUST10008,16,2024-10-13,294.83,2024-10-14,194.22,93.99,200.84,14650.89,On Time
1e725266-0f4f-4c2b-90d3-d5c89c6647ab,0190a0e2-19ba-47b3-a69c-37fcbaef45da,CUST10008,17,2024-11-12,294.83,2024-11-17,294.83,93.99,200.84,14556.9,On Time
979e45d6-3161-46fd-bbef-9ac4809bcb1b,0190a0e2-19ba-47b3-a69c-37fcbaef45da,CUST10008,18,2024-12-12,294.83,2024-12-15,294.83,95.28,199.55,14461.62,On Time
3822f690-f92a-4853-8208-add7bb2a4318,0190a0e2-19ba-47b3-a69c-37fcbaef45da,CUST10008,19,2025-01-11,294.83,2025-01-06,294.83,96.59,198.24,14365.03,On Time
331e964b-3da5-49b7-8400-3d01f6d60b8f,0190a0e2-19ba-47b3-a69c-37fcbaef45da,CUST10008,20,2025-02-10,294.83,2025-02-10,294.83,97.91,196.92,14267.12,On Time
3b179e52-5f22-4a7c-a8ee-586c4bc71633,0190a0e2-19ba-47b3-a69c-37fcbaef45da,CUST10008,21,2025-03-12,294.83,,0.0,99.25,195.58,14267.12,Missed
de0f7012-c5c5-4c3a-a90d-de4e54a54052,0190a0e2-19ba-47b3-a69c-37fcbaef45da,CUST10008,22,2025-04-11,294.83,2025-04-16,294.83,99.25,195.58,14167.87,On Time
55dbc96c-3a2b-4a00-b572-9c736e3a1c83,67f42212-9f5b-42b7-ab6b-620dbd065dc6,CUST10010,1,2022-06-20,323.45,2022-06-25,323.45,99.66,223.79,27303.63,On Time
9a67d1c8-20ce-4b11-92ba-578646ea6db0,67f42212-9f5b-42b7-ab6b-620dbd065dc6,CUST10010,2,2022-07-20,323.45,2022-07-22,323.45,100.47,222.98,27203.16,On Time
90d773cc-2731-4955-9c27-a91aea1f2f3c,67f42212-9f5b-42b7-ab6b-620dbd065dc6,CUST10010,3,2022-08-19,323.45,2022-09-20,323.45,101.29,222.16,27101.87,Late 60 Days
72def308-4e4e-4dcc-a893-dd7178b2b8c1,67f42212-9f5b-42b7-ab6b-620dbd065dc6,CUST10010,4,2022-09-18,323.45,,0.0,102.12,221.33,27101.87,Missed
6c9b898f-90c4-430a-9e19-7ac12f7571a3,67f42212-9f5b-42b7-ab6b-620dbd065dc6,CUST10010,5,2022-10-18,323.45,2022-12-04,323.45,102.12,221.33,26999.75,Late 60 Days
89eda025-a34c-4256-9e05-ce0df3997e1e,67f42212-9f5b-42b7-ab6b-620dbd065dc6,CUST10010,6,2022-11-17,323.45,2022-11-12,323.45,102.95,220.5,26896.8,On Time
0fd38402-25fb-405c-8487-96e149b045b0,67f42212-9f5b-42b7-ab6b-620dbd065dc6,CUST10010,7,2022-12-17,323.45,2022-12-12,323.45,103.79,219.66,26793.01,On Time
c9976bb8-2c63-4f66-82ae-2710bb92e845,67f42212-9f5b-42b7-ab6b-620dbd065dc6,CUST10010,8,2023-01-16,323.45,2023-03-01,323.45,104.64,218.81,26688.37,Late 60 Days
65b1af22-7f06-4a87-b781-2ca6ebe520e5,67f42212-9f5b-42b7-ab6b-620dbd065dc6,CUST10010,9,2023-02-15,323.45,2023-02-16,323.45,105.49,217.96,26582.87,On Time
81b3b629-c090-45fd-a51e-3a44291729ed,67f42212-9f5b-42b7-ab6b-620dbd065dc6,CUST10010,10,2023-03-17,323.45,2023-03-17,323.45,106.36,217.09,26476.52,On Time
7536825b-0735-4b35-9c46-e37da93ae492,67f42212-9f5b-42b7-ab6b-620dbd065dc6,CUST10010,11,2023-04-16,323.45,2023-04-17,323.45,107.23,216.22,26369.29,On Time
5ba779c9-4ed3-4a58-931a-79bcef9e085f,67f42212-9f5b-42b7-ab6b-620dbd065dc6,CUST10010,12,2023-05-16,323.45,2023-05-19,323.45,108.1,215.35,26261.19,On Time
b37f36a0-652a-4a39-8808-00aeb8efb1cc,67f42212-9f5b-42b7-ab6b-620dbd065dc6,CUST10010,13,2023-06-15,323.45,,0.0,108.98,214.47,26261.19,Missed
d8daca1a-fc11-4179-96b4-82eef855e304,67f42212-9f5b-42b7-ab6b-620dbd065dc6,CUST10010,14,2023-07-15,323.45,2023-07-17,323.45,108.98,214.47,26152.21,On Time
1e0414e3-fa08-418e-813d-c76235b7a2c2,67f42212-9f5b-42b7-ab6b-620dbd065dc6,CUST10010,15,2023-08-14,323.45,2023-08-14,323.45,109.87,213.58,26042.33,On Time
34114ac1-b5d1-4fe5-bcdb-20550a2cf1c9,67f42212-9f5b-42b7-ab6b-620dbd065dc6,CUST10010,16,2023-09-13,323.45,2023-09-17,323.45,110.77,212.68,25931.56,On Time
cd9ccaac-e47c-47b5-9d12-4704279bf9de,67f42212-9f5b-42b7-ab6b-620dbd065dc6,CUST10010,17,2023-10-13,323.45,2023-10-08,323.45,111.68,211.77,25819.89,On Time
7d065a28-e15d-4972-b437-b51c0f974901,67f42212-9f5b-42b7-ab6b-620dbd065dc6,CUST10010,18,2023-11-12,323.45,2023-11-17,323.45,112.59,210.86,25707.3,On Time
9b24d593-42f1-4565-a307-3111c6941c44,67f42212-9f5b-42b7-ab6b-620dbd065dc6,CUST10010,19,2023-12-12,323.45,,0.0,113.51,209.94,25707.3,Missed
527a3cd8-0c67-41ce-bb09-4b7906555172,67f42212-9f5b-42b7-ab6b-620dbd065dc6,CUST10010,20,2024-01-11,323.45,2024-01-13,171.51,113.51,209.94,25707.3,On Time
d822f3f7-35ab-48ab-bb90-1ed7b4124628,67f42212-9f5b-42b7-ab6b-620dbd065dc6,CUST10010,21,2024-02-10,323.45,2024-02-11,323.45,113.51,209.94,25593.79,On Time
8d90f784-3bf3-45ce-b508-202dda6d088c,67f42212-9f5b-42b7-ab6b-620dbd065dc6,CUST10010,22,2024-03-11,323.45,,0.0,114.43,209.02,25593.79,Missed
d9e465ea-beed-41fd-90f7-8862df49c5e9,67f42212-9f5b-42b7-ab6b-620dbd065dc6,CUST10010,23,2024-04-10,323.45,2024-04-10,323.45,114.43,209.02,25479.36,On Time
083375c8-934b-4fe7-8bc7-556ad460dcd8,67f42212-9f5b-42b7-ab6b-620dbd065dc6,CUST10010,24,2024-05-10,323.45,2024-05-13,323.45,115.37,208.08,25363.99,On Time
29c41fec-b834-4261-9567-836776c903ae,67f42212-9f5b-42b7-ab6b-620dbd065dc6,CUST10010,25,2024-06-09,323.45,2024-06-05,188.8,116.31,207.14,25363.99,On Time
6bd150a4-8f53-470c-bd2d-c61677c95a57,67f42212-9f5b-42b7-ab6b-620dbd065dc6,CUST10010,26,2024-07-09,323.45,2024-07-05,323.45,116.31,207.14,25247.68,On Time
c2e45167-1e42-412f-a662-9d16279810ba,67f42212-9f5b-42b7-ab6b-620dbd065dc6,CUST10010,27,2024-08-08,323.45,2024-08-12,323.45,117.26,206.19,25130.42,On Time
1fe88240-f0b8-4984-af08-e386740b3f67,67f42212-9f5b-42b7-ab6b-620dbd065dc6,CUST10010,28,2024-09-07,323.45,2024-09-03,323.45,118.22,205.23,25012.2,On Time
c22e96ee-4323-47fa-8e17-2b77dbcb0b2b,67f42212-9f5b-42b7-ab6b-620dbd065dc6,CUST10010,29,2024-10-07,323.45,,0.0,119.18,204.27,25012.2,Missed
92f0fb96-0616-4972-bb7a-d0e979950a57,67f42212-9f5b-42b7-ab6b-620dbd065dc6,CUST10010,30,2024-11-06,323.45,2024-11-02,323.45,119.18,204.27,24893.02,On Time
c9536430-442e-4cf7-a5aa-a053ce1f862d,67f42212-9f5b-42b7-ab6b-620dbd065dc6,CUST10010,31,2024-12-06,323.45,2024-12-11,323.45,120.16,203.29,24772.86,On Time
65fa0ef3-828c-482e-816c-034a62b8ce27,67f42212-9f5b-42b7-ab6b-620dbd065dc6,CUST10010,32,2025-01-05,323.45,,0.0,121.14,202.31,24772.86,Missed
94d39a06-26c6-44af-b69d-513a491ae152,67f42212-9f5b-42b7-ab6b-620dbd065dc6,CUST10010,33,2025-02-04,323.45,2025-02-01,323.45,121.14,202.31,24651.72,On Time
fe7930da-474b-4511-be9f-87df021c585e,67f42212-9f5b-42b7-ab6b-620dbd065dc6,CUST10010,34,2025-03-06,323.45,2025-03-06,323.45,122.13,201.32,24529.59,On Time
a032d9d3-8c1d-4066-ad94-70b82e3770a4,67f42212-9f5b-42b7-ab6b-620dbd065dc6,CUST10010,35,2025-04-05,323.45,,0.0,123.12,200.33,24529.59,Missed
699504b1-fcc0-4af3-ad4e-8a5542e65ec5,67f42212-9f5b-42b7-ab6b-620dbd065dc6,CUST10010,36,2025-05-05,323.45,2025-06-05,323.45,123.12,200.33,24406.47,Late 60 Days
ce36c661-80af-4070-bb12-a86ed7656d5a,5c8dc133-0cff-434d-8fc0-b1128121f6b6,CUST10010,1,2022-06-26,557.7,2022-06-22,557.7,104.85,452.85,52348.9,On Time
9285a16d-1154-48a0-b3df-4ab732bdf4c2,5c8dc133-0cff-434d-8fc0-b1128121f6b6,CUST10010,2,2022-07-26,557.7,2022-07-28,557.7,105.75,451.95,52243.15,On Time
b73146e6-ec5f-4544-ad49-7e6aede8f77a,5c8dc133-0cff-434d-8fc0-b1128121f6b6,CUST10010,3,2022-08-25,557.7,2022-08-21,557.7,106.67,451.03,52136.48,On Time
0cc8bb9a-d4ac-4766-a1d7-481e95d2f085,5c8dc133-0cff-434d-8fc0-b1128121f6b6,CUST10010,4,2022-09-24,557.7,2022-11-15,557.7,107.59,450.11,52028.89,Late 60 Days
929f0b17-8965-4b12-a60a-ed25ce2da90b,5c8dc133-0cff-434d-8fc0-b1128121f6b6,CUST10010,5,2022-10-24,557.7,2022-10-27,557.7,108.52,449.18,51920.37,On Time
51b88b5e-345b-4c85-bb79-872da37853cf,5c8dc133-0cff-434d-8fc0-b1128121f6b6,CUST10010,6,2022-11-23,557.7,2022-11-24,557.7,109.45,448.25,51810.92,On Time
ba5e67f0-de30-487c-aff1-5c82000a1580,5c8dc133-0cff-434d-8fc0-b1128121f6b6,CUST10010,7,2022-12-23,557.7,2022-12-26,557.7,110.4,447.3,51700.52,On Time
eda9b2e3-434e-4c80-acc9-c3dfca6ae8e5,5c8dc133-0cff-434d-8fc0-b1128121f6b6,CUST10010,8,2023-01-22,557.7,2023-01-20,557.7,111.35,446.35,51589.17,On Time
d889a7f0-3628-4e17-97fd-1a7c629c5a2b,5c8dc133-0cff-434d-8fc0-b1128121f6b6,CUST10010,9,2023-02-21,557.7,2023-02-17,557.7,112.31,445.39,51476.85,On Time
b7d2e4bd-d839-4932-b836-a5188c8ce3a6,5c8dc133-0cff-434d-8fc0-b1128121f6b6,CUST10010,10,2023-03-23,557.7,2023-03-20,557.7,113.28,444.42,51363.57,On Time
87e05f3c-4bd6-41fe-9b44-58e40cc35149,5c8dc133-0cff-434d-8fc0-b1128121f6b6,CUST10010,11,2023-04-22,557.7,2023-07-02,557.7,114.26,443.44,51249.31,Late 90+ Days
b24e533c-40e6-48b2-a1cf-c039ad6a118c,5c8dc133-0cff-434d-8fc0-b1128121f6b6,CUST10010,12,2023-05-22,557.7,2023-05-26,557.7,115.25,442.45,51134.06,On Time
d56692c9-585a-485e-bcbe-c3788654d4d2,5c8dc133-0cff-434d-8fc0-b1128121f6b6,CUST10010,13,2023-06-21,557.7,2023-06-25,557.7,116.24,441.46,51017.82,On Time
65d9af0e-dc23-4931-a2d4-174ef47df1db,5c8dc133-0cff-434d-8fc0-b1128121f6b6,CUST10010,14,2023-07-21,557.7,2023-11-08,557.7,117.25,440.45,50900.57,Late 90+ Days
996ccfc1-7dc5-415f-a223-a227740cd829,5c8dc133-0cff-434d-8fc0-b1128121f6b6,CUST10010,15,2023-08-20,557.7,2023-08-21,557.7,118.26,439.44,50782.32,On Time
5b3a98b5-f9c4-476f-a27d-f657e50043a0,5c8dc133-0cff-434d-8fc0-b1128121f6b6,CUST10010,16,2023-09-19,557.7,,0.0,119.28,438.42,50782.32,Missed
f97ff3aa-0708-4273-9515-a662aab89fb6,5c8dc133-0cff-434d-8fc0-b1128121f6b6,CUST10010,17,2023-10-19,557.7,2023-10-24,557.7,119.28,438.42,50663.04,On Time
e121b198-da15-484e-89b7-b15eca8f4102,5c8dc133-0cff-434d-8fc0-b1128121f6b6,CUST10010,18,2023-11-18,557.7,2023-11-23,557.7,120.31,437.39,50542.73,On Time
0c16ccbe-cc80-4413-bc9b-a2a34ca22149,5c8dc133-0cff-434d-8fc0-b1128121f6b6,CUST10010,19,2023-12-18,557.7,2023-12-15,557.7,121.35,436.35,50421.38,On Time
0dbf6c28-212c-4a1a-916f-ca97857c2d02,5c8dc133-0cff-434d-8fc0-b1128121f6b6,CUST10010,20,2024-01-17,557.7,2024-01-21,557.7,122.4,435.3,50298.98,On Time
e1ae0783-4b50-47a7-8e96-92c09faa7194,5c8dc133-0cff-434d-8fc0-b1128121f6b6,CUST10010,21,2024-02-16,557.7,2024-02-16,557.7,123.45,434.25,50175.53,On Time
930fc3e8-a956-40ff-933a-2c84111a170f,5c8dc133-0cff-434d-8fc0-b1128121f6b6,CUST10010,22,2024-03-17,557.7,2024-03-20,557.7,124.52,433.18,50051.01,On Time
1b32a9b0-b970-4633-a81c-d0ff9d4a959b,5c8dc133-0cff-434d-8fc0-b1128121f6b6,CUST10010,23,2024-04-16,557.7,2024-04-18,557.7,125.59,432.11,49925.42,On Time
ca7b8e02-eb1f-404d-bc76-5637a3aea320,5c8dc133-0cff-434d-8fc0-b1128121f6b6,CUST10010,24,2024-05-16,557.7,2024-05-17,557.7,126.68,431.02,49798.74,On Time
c2a6589a-6ee6-4917-8e56-d85ff8adf8fb,5c8dc133-0cff-434d-8fc0-b1128121f6b6,CUST10010,25,2024-06-15,557.7,2024-06-12,557.7,127.77,429.93,49670.97,On Time
58714b9e-5280-4c35-a785-fcf37a701324,5c8dc133-0cff-434d-8fc0-b1128121f6b6,CUST10010,26,2024-07-15,557.7,2024-07-13,557.7,128.87,428.83,49542.1,On Time
98caac83-0072-4b4a-a700-f9365df164a8,5c8dc133-0cff-434d-8fc0-b1128121f6b6,CUST10010,27,2024-08-14,557.7,2024-08-16,557.7,129.99,427.71,49412.11,On Time
30483290-7abe-43c6-b7e1-2336a341a665,5c8dc133-0cff-434d-8fc0-b1128121f6b6,CUST10010,28,2024-09-13,557.7,2024-10-30,557.7,131.11,426.59,49281.0,Late 60 Days
68cfceff-330d-4c06-9531-519be3091a6d,5c8dc133-0cff-434d-8fc0-b1128121f6b6,CUST10010,29,2024-10-13,557.7,2024-10-08,557.7,132.24,425.46,49148.76,On Time
75947e0d-72de-479b-95b8-6ea9593fa61f,5c8dc133-0cff-434d-8fc0-b1128121f6b6,CUST10010,30,2024-11-12,557.7,2024-11-17,557.7,133.38,424.32,49015.38,On Time
4bd88bce-894c-46a3-9ee0-37d86ac3c027,5c8dc133-0cff-434d-8fc0-b1128121f6b6,CUST10010,31,2024-12-12,557.7,2024-12-30,557.7,134.53,423.17,48880.85,Late 30 Days
b7e8c243-bc61-48ee-b443-66bab05588f5,5c8dc133-0cff-434d-8fc0-b1128121f6b6,CUST10010,32,2025-01-11,557.7,2025-01-12,557.7,135.7,422.0,48745.15,On Time
a6f36f52-56fb-47f4-afac-8061f4f1af05,5c8dc133-0cff-434d-8fc0-b1128121f6b6,CUST10010,33,2025-02-10,557.7,2025-02-08,557.7,136.87,420.83,48608.28,On Time
59f8ec39-9cab-4dc2-8dab-1f256139b4e6,5c8dc133-0cff-434d-8fc0-b1128121f6b6,CUST10010,34,2025-03-12,557.7,2025-03-14,557.7,138.05,419.65,48470.24,On Time
64117714-07d5-4c4a-8359-4ca258604eab,5c8dc133-0cff-434d-8fc0-b1128121f6b6,CUST10010,35,2025-04-11,557.7,2025-04-16,557.7,139.24,418.46,48331.0,On Time
8e1d037f-6841-4d07-afcd-8837e867773c,bbb613c9-7cad-439c-b4d6-28a249934501,CUST10014,1,2025-03-08,658.67,2025-03-08,658.67,182.15,476.52,82691.05,On Time
3f6953b7-1218-4187-8111-edfa92cf9bda,bbb613c9-7cad-439c-b4d6-28a249934501,CUST10014,2,2025-04-07,658.67,2025-04-11,658.67,183.2,475.47,82507.85,On Time
a04ef8bc-22d4-4abd-b751-189791d1ef03,fc4d6e48-ad42-42e5-b0a3-cf4a42619fb5,CUST10014,1,2023-09-06,946.97,,0.0,754.51,192.46,20030.54,Missed
9b392c04-fe8d-4e4a-b24d-8ecfd39be778,fc4d6e48-ad42-42e5-b0a3-cf4a42619fb5,CUST10014,2,2023-10-06,946.97,2023-10-08,946.97,754.51,192.46,19276.03,On Time
0f00f1db-9cca-42be-a23f-b0d1166239e7,fc4d6e48-ad42-42e5-b0a3-cf4a42619fb5,CUST10014,3,2023-11-05,946.97,2024-01-25,946.97,761.76,185.21,18514.27,Late 90+ Days
3e051ee8-3ad0-46ef-9e20-0b724542d165,fc4d6e48-ad42-42e5-b0a3-cf4a42619fb5,CUST10014,4,2023-12-05,946.97,2023-12-04,946.97,769.08,177.89,17745.19,On Time
2d48d68d-c2f4-4cd0-b599-5d013c611fb3,fc4d6e48-ad42-42e5-b0a3-cf4a42619fb5,CUST10014,5,2024-01-04,946.97,2024-01-06,946.97,776.47,170.5,16968.72,On Time
861402da-e1ed-4a66-9680-42c7cc5643c2,fc4d6e48-ad42-42e5-b0a3-cf4a42619fb5,CUST10014,6,2024-02-03,946.97,2024-02-03,946.97,783.93,163.04,16184.79,On Time
ed642c64-fb44-45ff-aff5-120752ba35f6,fc4d6e48-ad42-42e5-b0a3-cf4a42619fb5,CUST10014,7,2024-03-04,946.97,,0.0,791.46,155.51,16184.79,Missed
70c65d14-21fb-47ed-a06c-c06ed8f24786,fc4d6e48-ad42-42e5-b0a3-cf4a42619fb5,CUST10014,8,2024-04-03,946.97,2024-04-08,675.73,791.46,155.51,15664.58,On Time
62f3ea6e-3311-4ffd-9a39-1055e1551419,fc4d6e48-ad42-42e5-b0a3-cf4a42619fb5,CUST10014,9,2024-05-03,946.97,2024-05-07,946.97,796.46,150.51,14868.12,On Time
790f1446-f884-4807-bd9a-6d3ac770a07c,fc4d6e48-ad42-42e5-b0a3-cf4a42619fb5,CUST10014,10,2024-06-02,946.97,2024-05-30,946.97,804.11,142.86,14064.01,On Time
46db684d-c8a9-4cd0-becc-b3760815b223,fc4d6e48-ad42-42e5-b0a3-cf4a42619fb5,CUST10014,11,2024-07-02,946.97,2024-07-03,946.97,811.84,135.13,13252.17,On Time
71193d30-d7c6-4005-8a85-2d96c3af1ef4,fc4d6e48-ad42-42e5-b0a3-cf4a42619fb5,CUST10014,12,2024-08-01,946.97,2024-10-08,946.97,819.64,127.33,12432.53,Late 90+ Days
5c818e99-c94c-4930-a48c-8ae9041cdc62,fc4d6e48-ad42-42e5-b0a3-cf4a42619fb5,CUST10014,13,2024-08-31,946.97,2024-09-01,946.97,827.51,119.46,11605.02,On Time
3439f574-0196-489c-9469-f41c49f6902d,fc4d6e48-ad42-42e5-b0a3-cf4a42619fb5,CUST10014,14,2024-09-30,946.97,2024-10-02,946.97,835.47,111.5,10769.55,On Time
65f81eef-a45d-49a6-94bb-452595054d1b,fc4d6e48-ad42-42e5-b0a3-cf4a42619fb5,CUST10014,15,2024-10-30,946.97,2024-11-20,946.97,843.49,103.48,9926.06,Late 30 Days
38f167c1-2b2a-4810-8f80-52f59fbc2853,fc4d6e48-ad42-42e5-b0a3-cf4a42619fb5,CUST10014,16,2024-11-29,946.97,2024-12-02,946.97,851.6,95.37,9074.46,On Time
c6ce02f8-d32f-4b15-a860-c18353260f93,fc4d6e48-ad42-42e5-b0a3-cf4a42619fb5,CUST10014,17,2024-12-29,946.97,2025-01-01,946.97,859.78,87.19,8214.68,On Time
7f048b19-43af-40db-8f88-ef2df2afbc06,fc4d6e48-ad42-42e5-b0a3-cf4a42619fb5,CUST10014,18,2025-01-28,946.97,2025-02-02,946.97,868.04,78.93,7346.64,On Time
1dfa292b-1c54-4f0b-a263-fff07edfc2ff,fc4d6e48-ad42-42e5-b0a3-cf4a42619fb5,CUST10014,19,2025-02-27,946.97,2025-02-25,946.97,876.38,70.59,6470.26,On Time
25adcbfe-c93f-4d57-9461-4f4be9117464,fc4d6e48-ad42-42e5-b0a3-cf4a42619fb5,CUST10014,20,2025-03-29,946.97,2025-03-28,946.97,884.8,62.17,5585.46,On Time
fdd93038-c7f3-485a-b5a5-97daa66fc352,fc4d6e48-ad42-42e5-b0a3-cf4a42619fb5,CUST10014,21,2025-04-28,946.97,2025-04-30,946.97,893.3,53.67,4692.15,On Time
10f0348f-0fd4-4f13-a380-dfa0c83f9ee8,dd7c0d60-2045-4715-93bd-bc3a71f19564,CUST10014,1,2024-03-18,1914.75,2024-03-17,1914.75,1709.5,205.25,19504.79,On Time
364a5c3f-4cbd-4de1-bca7-7e6ded7e4bb5,dd7c0d60-2045-4715-93bd-bc3a71f19564,CUST10014,2,2024-04-17,1914.75,2024-04-18,1914.75,1726.04,188.71,17778.75,On Time
55a96678-d7e0-4c4e-ab8e-d8f2cdcaf440,dd7c0d60-2045-4715-93bd-bc3a71f19564,CUST10014,3,2024-05-17,1914.75,2024-05-16,1914.75,1742.74,172.01,16036.01,On Time
70ca73ce-3614-4eab-a467-88e39d6127db,dd7c0d60-2045-4715-93bd-bc3a71f19564,CUST10014,4,2024-06-16,1914.75,2024-08-06,1914.75,1759.6,155.15,14276.4,Late 60 Days
f0bbbd24-908c-487c-98ff-6bc3fd48bc7c,dd7c0d60-2045-4715-93bd-bc3a71f19564,CUST10014,5,2024-07-16,1914.75,2024-07-19,1914.75,1776.63,138.12,12499.78,On Time
f618897a-d68b-46bb-bd57-b867aa06d643,dd7c0d60-2045-4715-93bd-bc3a71f19564,CUST10014,6,2024-08-15,1914.75,2024-08-11,1914.75,1793.81,120.94,10705.96,On Time
627a5808-fdfe-48d3-a039-470dc7e960c0,dd7c0d60-2045-4715-93bd-bc3a71f19564,CUST10014,7,2024-09-14,1914.75,2024-09-19,1914.75,1811.17,103.58,8894.79,On Time
ef286c68-6da9-4d41-a64a-416905618bc7,dd7c0d60-2045-4715-93bd-bc3a71f19564,CUST10014,8,2024-10-14,1914.75,2024-10-10,1914.75,1828.69,86.06,7066.1,On Time
3c97883c-5aa0-49a1-84e1-83ad86e35d08,dd7c0d60-2045-4715-93bd-bc3a71f19564,CUST10014,9,2024-11-13,1914.75,2024-11-10,1431.58,1846.39,68.36,5702.89,On Time
8e2789fb-7e96-4edd-ba66-38a6336da0ea,dd7c0d60-2045-4715-93bd-bc3a71f19564,CUST10014,10,2024-12-13,1914.75,2024-12-15,1914.75,1859.57,55.18,3843.31,On Time
bff289e7-8573-4283-8d4b-589eee923ff0,dd7c0d60-2045-4715-93bd-bc3a71f19564,CUST10014,11,2025-01-12,1914.75,2025-01-12,1914.75,1877.57,37.18,1965.75,On Time
bcde8550-757f-448b-b08b-dd459b776b86,dd7c0d60-2045-4715-93bd-bc3a71f19564,CUST10014,12,2025-02-11,1984.76,,0.0,1965.75,19.02,1965.75,Missed
338a87bd-faae-477a-9075-dcfbdf5ca7ef,5123a5ed-c1b7-4035-8b66-0dc9c30374bc,CUST10014,1,2022-06-15,365.96,2022-06-10,365.96,133.93,232.03,38113.5,On Time
ceec2714-7e79-4a82-817f-c21ef9987db2,5123a5ed-c1b7-4035-8b66-0dc9c30374bc,CUST10014,2,2022-07-15,365.96,2022-07-12,365.96,134.74,231.22,37978.77,On Time
4937a218-2241-4883-a8b1-309a33d12fae,5123a5ed-c1b7-4035-8b66-0dc9c30374bc,CUST10014,3,2022-08-14,365.96,,0.0,135.56,230.4,37978.77,Missed
f9350d43-bdbd-4ec9-899e-0692a4fb6e8f,5123a5ed-c1b7-4035-8b66-0dc9c30374bc,CUST10014,4,2022-09-13,365.96,2022-09-10,365.96,135.56,230.4,37843.21,On Time
d2703b80-ef71-4ffc-b00a-8389bc178207,5123a5ed-c1b7-4035-8b66-0dc9c30374bc,CUST10014,5,2022-10-13,365.96,2022-10-08,276.51,136.38,229.58,37796.28,On Time
eed4fffc-22a1-4e81-8dd8-351e20aa94e2,5123a5ed-c1b7-4035-8b66-0dc9c30374bc,CUST10014,6,2022-11-12,365.96,2022-11-11,365.96,136.66,229.3,37659.62,On Time
e0b010f1-a5fb-4fcd-8bcd-36d72746c039,5123a5ed-c1b7-4035-8b66-0dc9c30374bc,CUST10014,7,2022-12-12,365.96,2022-12-09,365.96,137.49,228.47,37522.13,On Time
d57e5459-bc5c-423e-b412-ffcb2663d194,5123a5ed-c1b7-4035-8b66-0dc9c30374bc,CUST10014,8,2023-01-11,365.96,2023-01-07,365.96,138.33,227.63,37383.8,On Time
1d0fe7a3-07af-4e17-8086-4cbfcbe71849,5123a5ed-c1b7-4035-8b66-0dc9c30374bc,CUST10014,9,2023-02-10,365.96,2023-02-07,238.5,139.16,226.8,37372.1,On Time
979ac0f8-44bd-413f-84d8-f6a138804437,5123a5ed-c1b7-4035-8b66-0dc9c30374bc,CUST10014,10,2023-03-12,365.96,2023-03-10,365.96,139.24,226.72,37232.86,On Time
bff64a19-3386-4cdc-a0c2-7220463ad3b5,5123a5ed-c1b7-4035-8b66-0dc9c30374bc,CUST10014,11,2023-04-11,365.96,2023-04-12,365.96,140.08,225.88,37092.78,On Time
5f461925-5a10-4ded-b9bb-85762be97667,5123a5ed-c1b7-4035-8b66-0dc9c30374bc,CUST10014,12,2023-05-11,365.96,2023-05-08,365.96,140.93,225.03,36951.85,On Time
cba2fa95-2a21-418e-adb6-09c7a73147be,5123a5ed-c1b7-4035-8b66-0dc9c30374bc,CUST10014,13,2023-06-10,365.96,2023-06-05,365.96,141.79,224.17,36810.07,On Time
adef3c0a-91af-4eeb-9e91-1e01ed31d147,5123a5ed-c1b7-4035-8b66-0dc9c30374bc,CUST10014,14,2023-07-10,365.96,2023-07-10,365.96,142.65,223.31,36667.42,On Time
6c07d3df-1776-4f23-9611-77465e27d74c,5123a5ed-c1b7-4035-8b66-0dc9c30374bc,CUST10014,15,2023-08-09,365.96,2023-11-01,365.96,143.51,222.45,36523.91,Late 90+ Days
76ec036d-0c82-4820-98f2-291f900a46b4,5123a5ed-c1b7-4035-8b66-0dc9c30374bc,CUST10014,16,2023-09-08,365.96,2023-09-07,365.96,144.38,221.58,36379.53,On Time
661a4371-a307-4bfa-a47c-cb5e3b62a1c9,5123a5ed-c1b7-4035-8b66-0dc9c30374bc,CUST10014,17,2023-10-08,365.96,2023-10-07,365.96,145.26,220.7,36234.27,On Time
8f8a9caf-7f9a-47f1-a1d6-0d688e7c8881,5123a5ed-c1b7-4035-8b66-0dc9c30374bc,CUST10014,18,2023-11-07,365.96,2023-11-07,365.96,146.14,219.82,36088.13,On Time
b9cd2712-ec63-4278-92a4-44e7b2703cf4,5123a5ed-c1b7-4035-8b66-0dc9c30374bc,CUST10014,19,2023-12-07,365.96,2023-12-04,365.96,147.03,218.93,35941.11,On Time
39c625f3-0fbc-472c-bc49-8af138b08718,5123a5ed-c1b7-4035-8b66-0dc9c30374bc,CUST10014,20,2024-01-06,365.96,2024-01-09,365.96,147.92,218.04,35793.19,On Time
b1947555-4139-4411-9e25-605c56a036d1,5123a5ed-c1b7-4035-8b66-0dc9c30374bc,CUST10014,21,2024-02-05,365.96,2024-02-03,365.96,148.81,217.15,35644.37,On Time
a2341d02-62da-4939-a43b-b368d5cc2e2c,5123a5ed-c1b7-4035-8b66-0dc9c30374bc,CUST10014,22,2024-03-06,365.96,2024-03-02,365.96,149.72,216.24,35494.66,On Time
6708ded4-a0a6-4989-b1d0-53cdf532b56b,5123a5ed-c1b7-4035-8b66-0dc9c30374bc,CUST10014,23,2024-04-05,365.96,2024-04-09,365.96,150.63,215.33,35344.03,On Time
f5269ff9-7169-4f2e-9ea4-be9ebe8eec1d,5123a5ed-c1b7-4035-8b66-0dc9c30374bc,CUST10014,24,2024-05-05,365.96,2024-05-03,365.96,151.54,214.42,35192.49,On Time
8877f594-93cf-4ab5-838a-22ab7123cbc9,5123a5ed-c1b7-4035-8b66-0dc9c30374bc,CUST10014,25,2024-06-04,365.96,2024-06-07,365.96,152.46,213.5,35040.03,On Time
13808157-025d-4059-ba0f-d2a046390ef5,5123a5ed-c1b7-4035-8b66-0dc9c30374bc,CUST10014,26,2024-07-04,365.96,2024-07-06,365.96,153.38,212.58,34886.65,On Time
9cccd28d-a800-4297-a51a-3c8f7fde4088,5123a5ed-c1b7-4035-8b66-0dc9c30374bc,CUST10014,27,2024-08-03,365.96,2024-08-05,365.96,154.31,211.65,34732.33,On Time
73639055-ca51-4b38-878f-3ad472717c21,5123a5ed-c1b7-4035-8b66-0dc9c30374bc,CUST10014,28,2024-09-02,365.96,2024-09-05,365.96,155.25,210.71,34577.08,On Time
403bd777-ca37-4602-90e2-e1bbf08ccb14,5123a5ed-c1b7-4035-8b66-0dc9c30374bc,CUST10014,29,2024-10-02,365.96,2024-10-03,365.96,156.19,209.77,34420.89,On Time
3bbfcad1-9e41-492e-bc08-f8fb5a95a627,5123a5ed-c1b7-4035-8b66-0dc9c30374bc,CUST10014,30,2024-11-01,365.96,,0.0,157.14,208.82,34420.89,Missed
32261a67-54aa-40f2-9d4f-e981f3c8b14f,5123a5ed-c1b7-4035-8b66-0dc9c30374bc,CUST10014,31,2024-12-01,365.96,2024-12-02,365.96,157.14,208.82,34263.75,On Time
a4fe9df3-01f3-4576-9aad-ab7d44b88237,5123a5ed-c1b7-4035-8b66-0dc9c30374bc,CUST10014,32,2024-12-31,365.96,2024-12-27,365.96,158.09,207.87,34105.66,On Time
10552a86-f2df-4692-b7c3-89cedd1c9b77,5123a5ed-c1b7-4035-8b66-0dc9c30374bc,CUST10014,33,2025-01-30,365.96,2025-01-27,365.96,159.05,206.91,33946.61,On Time
78cd3885-cb20-48e0-b49d-6c533cf49dc6,5123a5ed-c1b7-4035-8b66-0dc9c30374bc,CUST10014,34,2025-03-01,365.96,2025-03-06,365.96,160.02,205.94,33786.59,On Time
fa7ef276-4b4e-417a-8c2b-8b9dc9f71ac2,5123a5ed-c1b7-4035-8b66-0dc9c30374bc,CUST10014,35,2025-03-31,365.96,2025-04-02,365.96,160.99,204.97,33625.6,On Time
0ca0a232-d5e3-4bf6-a6c2-a50b094ccac0,5123a5ed-c1b7-4035-8b66-0dc9c30374bc,CUST10014,36,2025-04-30,365.96,2025-05-05,365.96,161.96,204.0,33463.64,On Time
02261770-af50-4dc3-adc6-a316a9f16f42,210e19eb-4cf8-4ec6-9bf5-25868911022e,CUST10014,1,2025-03-29,835.83,2025-04-01,835.83,327.31,508.52,93698.49,On Time
5f0256e5-8e55-4667-bdb3-4416b90be8f7,210e19eb-4cf8-4ec6-9bf5-25868911022e,CUST10014,2,2025-04-28,835.83,2025-04-23,835.83,329.08,506.75,93369.42,On Time
87d0ea09-84ae-466f-8812-66e9805d1e00,6cd7b3bd-b70b-4d77-81d8-86c52c0e0277,CUST10016,1,2024-10-23,385.95,2024-10-24,385.95,270.39,115.56,6570.63,On Time
13380bfd-90b5-4922-8f72-bc66e0572ffd,6cd7b3bd-b70b-4d77-81d8-86c52c0e0277,CUST10016,2,2024-11-22,385.95,2024-11-21,385.95,274.96,110.99,6295.67,On Time
eaf0e9ef-88c0-43ff-a77c-d6b629061915,6cd7b3bd-b70b-4d77-81d8-86c52c0e0277,CUST10016,3,2024-12-22,385.95,2024-12-17,385.95,279.61,106.34,6016.06,On Time
39c5e3a6-3a2a-4187-9e29-5992677e3f7a,6cd7b3bd-b70b-4d77-81d8-86c52c0e0277,CUST10016,4,2025-01-21,385.95,2025-01-16,385.95,284.33,101.62,5731.73,On Time
3abc92b3-cdf6-4ad5-b5c4-476e1c0b2706,6cd7b3bd-b70b-4d77-81d8-86c52c0e0277,CUST10016,5,2025-02-20,385.95,,0.0,289.13,96.82,5731.73,Missed
3180898c-c546-417f-8f55-e1e86cd833c5,6cd7b3bd-b70b-4d77-81d8-86c52c0e0277,CUST10016,6,2025-03-22,385.95,2025-03-27,385.95,289.13,96.82,5442.6,On Time
e0969745-aa28-4689-a02f-cee15ea20d4a,6cd7b3bd-b70b-4d77-81d8-86c52c0e0277,CUST10016,7,2025-04-21,385.95,,0.0,294.02,91.93,5442.6,Missed
ab38e0b9-f9c1-4c54-9bb0-73cf2145fa91,5659642e-de06-45f9-99ef-cf6dabb20e37,CUST10016,1,2022-12-14,201.95,2022-12-09,201.95,105.33,96.62,7670.75,On Time
e204df20-993d-4ac2-b887-22cbd46f791c,5659642e-de06-45f9-99ef-cf6dabb20e37,CUST10016,2,2023-01-13,201.95,2023-01-17,201.95,106.64,95.31,7564.11,On Time
614644ed-4290-4d0c-9064-2092efa660f4,5659642e-de06-45f9-99ef-cf6dabb20e37,CUST10016,3,2023-02-12,201.95,2023-02-12,201.95,107.97,93.98,7456.14,On Time
cb4594a3-57f6-464c-9eec-d63aa9b5ef7a,5659642e-de06-45f9-99ef-cf6dabb20e37,CUST10016,4,2023-03-14,201.95,2023-03-17,201.95,109.31,92.64,7346.83,On Time
f9723e33-7bd3-4275-b5b5-335cdb25eeb9,5659642e-de06-45f9-99ef-cf6dabb20e37,CUST10016,5,2023-04-13,201.95,2023-08-08,201.95,110.67,91.28,7236.17,Late 90+ Days
d8328113-327d-436b-b5d9-34709b9244bf,5659642e-de06-45f9-99ef-cf6dabb20e37,CUST10016,6,2023-05-13,201.95,2023-05-16,201.95,112.04,89.91,7124.13,On Time
4e30b7e2-00dc-49c7-b57d-11e23860e883,5659642e-de06-45f9-99ef-cf6dabb20e37,CUST10016,7,2023-06-12,201.95,2023-06-17,201.95,113.43,88.52,7010.69,On Time
18a48988-bc92-457e-8db4-be8efb23f3e2,5659642e-de06-45f9-99ef-cf6dabb20e37,CUST10016,8,2023-07-12,201.95,2023-07-13,201.95,114.84,87.11,6895.85,On Time
8fd77a47-faf2-4dc0-891d-b9319d882698,5659642e-de06-45f9-99ef-cf6dabb20e37,CUST10016,9,2023-08-11,201.95,2023-08-13,201.95,116.27,85.68,6779.58,On Time
cfbf4a31-1166-4186-b46a-fc3714f54862,5659642e-de06-45f9-99ef-cf6dabb20e37,CUST10016,10,2023-09-10,201.95,2023-09-07,201.95,117.71,84.24,6661.87,On Time
191387be-7b65-421a-9a79-f9e872365f71,5659642e-de06-45f9-99ef-cf6dabb20e37,CUST10016,11,2023-10-10,201.95,2023-10-11,201.95,119.18,82.77,6542.69,On Time
3335738c-aab4-45b1-bb5a-f14c1a6389fa,5659642e-de06-45f9-99ef-cf6dabb20e37,CUST10016,12,2023-11-09,201.95,2023-11-07,201.95,120.66,81.29,6422.04,On Time
8d042eed-de33-435c-83ee-ddfb2a4371f0,5659642e-de06-45f9-99ef-cf6dabb20e37,CUST10016,13,2023-12-09,201.95,,0.0,122.16,79.79,6422.04,Missed
062d2d9a-46d6-474b-bad2-5e36eb031df4,5659642e-de06-45f9-99ef-cf6dabb20e37,CUST10016,14,2024-01-08,201.95,2024-01-11,201.95,122.16,79.79,6299.88,On Time
08f11363-cea5-4f30-b0b5-ba14f28f2ff5,5659642e-de06-45f9-99ef-cf6dabb20e37,CUST10016,15,2024-02-07,201.95,2024-02-12,201.95,123.67,78.28,6176.21,On Time
26946655-64c5-4b7e-8086-af06ba54053e,5659642e-de06-45f9-99ef-cf6dabb20e37,CUST10016,16,2024-03-08,201.95,,0.0,125.21,76.74,6176.21,Missed
c239751e-d8bf-4eff-a156-504656a91561,5659642e-de06-45f9-99ef-cf6dabb20e37,CUST10016,17,2024-04-07,201.95,,0.0,125.21,76.74,6176.21,Missed
b1ad5f93-3730-4ba6-a5a3-9318318b1532,5659642e-de06-45f9-99ef-cf6dabb20e37,CUST10016,18,2024-05-07,201.95,2024-05-12,201.95,125.21,76.74,6051.0,On Time
3355f592-8589-4352-a80a-c10b5b46b426,5659642e-de06-45f9-99ef-cf6dabb20e37,CUST10016,19,2024-06-06,201.95,2024-06-06,201.95,126.77,75.18,5924.23,On Time
563ca365-06c8-4285-8ea7-26406eb6d205,5659642e-de06-45f9-99ef-cf6dabb20e37,CUST10016,20,2024-07-06,201.95,2024-07-04,201.95,128.34,73.61,5795.89,On Time
4d098f43-ccd5-4d48-b557-e9246b990433,5659642e-de06-45f9-99ef-cf6dabb20e37,CUST10016,21,2024-08-05,201.95,2024-08-07,201.95,129.94,72.01,5665.95,On Time
9251a20c-95fb-48a4-b783-e1e6c9e420f5,5659642e-de06-45f9-99ef-cf6dabb20e37,CUST10016,22,2024-09-04,201.95,2024-09-05,201.95,131.55,70.4,5534.4,On Time
8a3b67b6-6b27-4cee-8dec-d69a6f0d5798,5659642e-de06-45f9-99ef-cf6dabb20e37,CUST10016,23,2024-10-04,201.95,2024-10-05,201.95,133.19,68.76,5401.22,On Time
c860a97d-251d-4302-bb3e-8b12f1a75ec9,5659642e-de06-45f9-99ef-cf6dabb20e37,CUST10016,24,2024-11-03,201.95,2024-11-03,201.95,134.84,67.11,5266.38,On Time
6b439afb-06f4-476c-95f4-fe3f549c35c3,5659642e-de06-45f9-99ef-cf6dabb20e37,CUST10016,25,2024-12-03,201.95,2025-03-04,201.95,136.52,65.43,5129.86,Late 90+ Days
87ffcfcb-92ee-4b56-afd6-e740adc5f78e,5659642e-de06-45f9-99ef-cf6dabb20e37,CUST10016,26,2025-01-02,201.95,2025-01-02,201.95,138.21,63.74,4991.65,On Time
0f8519a3-db0e-404f-ba85-db0b1273fa97,5659642e-de06-45f9-99ef-cf6dabb20e37,CUST10016,27,2025-02-01,201.95,2025-01-29,151.26,139.93,62.02,4902.41,On Time
1d4f704d-5e73-4b4f-9131-b142b3bfe6f9,5659642e-de06-45f9-99ef-cf6dabb20e37,CUST10016,28,2025-03-03,201.95,2025-03-02,201.95,141.04,60.91,4761.37,On Time
be34db2e-8502-4b51-999a-fb364fa8de05,5659642e-de06-45f9-99ef-cf6dabb20e37,CUST10016,29,2025-04-02,201.95,2025-03-31,201.95,142.79,59.16,4618.58,On Time
2658fab1-60d0-4b64-a455-cf9e20324643,5659642e-de06-45f9-99ef-cf6dabb20e37,CUST10016,30,2025-05-02,201.95,2025-05-01,201.95,144.56,57.39,4474.02,On Time
330212f8-c077-4920-8155-5c7f2fef49a2,3e890b21-97f6-4b21-be24-9fee24304bba,CUST10016,1,2022-06-30,351.13,2022-06-27,351.13,191.07,160.06,12682.04,On Time
2d7da7df-0e87-42a4-a5e9-a785015c96fd,3e890b21-97f6-4b21-be24-9fee24304bba,CUST10016,2,2022-07-30,351.13,2022-08-02,351.13,193.45,157.68,12488.59,On Time
9aaa874d-ace9-4cfd-8bd8-96a737e04961,3e890b21-97f6-4b21-be24-9fee24304bba,CUST10016,3,2022-08-29,351.13,2022-09-03,351.13,195.86,155.27,12292.73,On Time
55c40a40-0860-4aaa-a6b1-c8dc1351fd7a,3e890b21-97f6-4b21-be24-9fee24304bba,CUST10016,4,2022-09-28,351.13,2022-09-24,351.13,198.29,152.84,12094.44,On Time
327f51ee-70d8-4279-b85e-cb96715aee7c,3e890b21-97f6-4b21-be24-9fee24304bba,CUST10016,5,2022-10-28,351.13,2022-10-29,351.13,200.76,150.37,11893.68,On Time
7921cc12-8128-4ec8-b754-2298101b9a15,3e890b21-97f6-4b21-be24-9fee24304bba,CUST10016,6,2022-11-27,351.13,2022-11-24,255.48,203.25,147.88,11786.09,On Time
031744be-262e-493d-a42a-e7058f963865,3e890b21-97f6-4b21-be24-9fee24304bba,CUST10016,7,2022-12-27,351.13,2023-01-01,351.13,204.59,146.54,11581.5,On Time
8978a8f1-bc28-4e89-9307-a03b721657a1,3e890b21-97f6-4b21-be24-9fee24304bba,CUST10016,8,2023-01-26,351.13,2023-01-21,262.73,207.13,144.0,11462.76,On Time
a296e4f6-8154-40ca-b185-f04083c2d177,3e890b21-97f6-4b21-be24-9fee24304bba,CUST10016,9,2023-02-25,351.13,2023-02-24,351.13,208.61,142.52,11254.16,On Time
087f416a-dcdc-42ce-abd9-82da04282cd6,3e890b21-97f6-4b21-be24-9fee24304bba,CUST10016,10,2023-03-27,351.13,2023-04-01,351.13,211.2,139.93,11042.95,On Time
68b8ca17-56bf-4d30-9ec7-b7626205b9a0,3e890b21-97f6-4b21-be24-9fee24304bba,CUST10016,11,2023-04-26,351.13,2023-04-22,351.13,213.83,137.3,10829.12,On Time
9d677803-bfc5-4145-9809-b3455bc91422,3e890b21-97f6-4b21-be24-9fee24304bba,CUST10016,12,2023-05-26,351.13,2023-05-25,351.13,216.49,134.64,10612.63,On Time
3b26b6ed-860f-4e3e-96f6-943d52c4779d,3e890b21-97f6-4b21-be24-9fee24304bba,CUST10016,13,2023-06-25,351.13,2023-06-25,351.13,219.18,131.95,10393.46,On Time
dd7d7fb4-4d89-46ee-a1d9-321482f92a19,3e890b21-97f6-4b21-be24-9fee24304bba,CUST10016,14,2023-07-25,351.13,2023-07-23,351.13,221.9,129.23,10171.55,On Time
37d9b66e-80c9-4a1b-a82d-15ece8f7f0ef,3e890b21-97f6-4b21-be24-9fee24304bba,CUST10016,15,2023-08-24,351.13,2023-08-29,351.13,224.66,126.47,9946.89,On Time
6408df2b-0f2f-4a20-9856-b37ecf31f71b,3e890b21-97f6-4b21-be24-9fee24304bba,CUST10016,16,2023-09-23,351.13,2023-09-26,351.13,227.46,123.67,9719.43,On Time
e9d965dc-42a6-4bf8-b09b-dfd109db6429,3e890b21-97f6-4b21-be24-9fee24304bba,CUST10016,17,2023-10-23,351.13,2023-10-19,351.13,230.29,120.84,9489.14,On Time
73487c5a-0e1d-4bc1-bb24-beda872aaef3,3e890b21-97f6-4b21-be24-9fee24304bba,CUST10016,18,2023-11-22,351.13,2023-11-26,351.13,233.15,117.98,9256.0,On Time
1b2ffdb6-9d34-4ec1-8f35-657b94833fc7,3e890b21-97f6-4b21-be24-9fee24304bba,CUST10016,19,2023-12-22,351.13,2023-12-17,351.13,236.05,115.08,9019.95,On Time
39787c40-c5f6-4c6b-910d-9b7a12f2f2d1,3e890b21-97f6-4b21-be24-9fee24304bba,CUST10016,20,2024-01-21,351.13,2024-01-25,351.13,238.98,112.15,8780.97,On Time
60668b3f-9cfd-49cd-a6c1-ef87c7b46dca,3e890b21-97f6-4b21-be24-9fee24304bba,CUST10016,21,2024-02-20,351.13,2024-02-19,351.13,241.95,109.18,8539.01,On Time
f756cea7-573d-433f-b0c0-d011aae1f4e1,3e890b21-97f6-4b21-be24-9fee24304bba,CUST10016,22,2024-03-21,351.13,2024-04-21,351.13,244.96,106.17,8294.05,Late 60 Days
a53d69e3-083d-42f7-bf72-b57aa7587ebe,3e890b21-97f6-4b21-be24-9fee24304bba,CUST10016,23,2024-04-20,351.13,2024-04-21,351.13,248.01,103.12,8046.04,On Time
7587b19b-9774-4b07-be96-f941ab38a0d1,3e890b21-97f6-4b21-be24-9fee24304bba,CUST10016,24,2024-05-20,351.13,2024-05-24,351.13,251.09,100.04,7794.95,On Time
d2a26442-417f-4d04-ba2f-f9739303d841,3e890b21-97f6-4b21-be24-9fee24304bba,CUST10016,25,2024-06-19,351.13,2024-06-19,351.13,254.21,96.92,7540.74,On Time
b7d3227d-6b2a-4d1b-8e16-4a7718f0d831,3e890b21-97f6-4b21-be24-9fee24304bba,CUST10016,26,2024-07-19,351.13,2024-07-15,351.13,257.37,93.76,7283.37,On Time
61747eec-ce7e-490c-89dd-d2702e0f0398,3e890b21-97f6-4b21-be24-9fee24304bba,CUST10016,27,2024-08-18,351.13,2024-08-19,351.13,260.57,90.56,7022.79,On Time
1f004a41-d448-4f72-97f8-33a0389d1d9b,3e890b21-97f6-4b21-be24-9fee24304bba,CUST10016,28,2024-09-17,351.13,2024-09-21,351.13,263.81,87.32,6758.98,On Time
b47506bb-cf35-4f2d-965f-9bef9dd26918,3e890b21-97f6-4b21-be24-9fee24304bba,CUST10016,29,2024-10-17,351.13,2024-10-12,351.13,267.09,84.04,6491.89,On Time
a3ff9110-7af9-47ef-a173-e36d840c6c61,3e890b21-97f6-4b21-be24-9fee24304bba,CUST10016,30,2024-11-16,351.13,2024-11-14,351.13,270.41,80.72,6221.47,On Time
bbcae788-032e-49eb-871f-b2a86b6e1ada,3e890b21-97f6-4b21-be24-9fee24304bba,CUST10016,31,2024-12-16,351.13,2024-12-21,351.13,273.78,77.35,5947.7,On Time
27f80dc4-7e06-4838-af5c-4b81b1dc75a2,3e890b21-97f6-4b21-be24-9fee24304bba,CUST10016,32,2025-01-15,351.13,2025-01-14,351.13,277.18,73.95,5670.52,On Time
80b58adc-02b7-4e3a-a83d-5505ecbc64e0,3e890b21-97f6-4b21-be24-9fee24304bba,CUST10016,33,2025-02-14,351.13,2025-02-11,351.13,280.63,70.5,5389.89,On Time
85aafdcf-6d96-4d13-a101-a8a62eb3d6b6,3e890b21-97f6-4b21-be24-9fee24304bba,CUST10016,34,2025-03-16,351.13,2025-03-17,351.13,284.12,67.01,5105.77,On Time
6b368067-66c1-4db5-b882-c385c9a6faab,3e890b21-97f6-4b21-be24-9fee24304bba,CUST10016,35,2025-04-15,351.13,2025-05-30,351.13,287.65,63.48,4818.13,Late 60 Days
f6c42abc-06b1-4f7e-81d4-442bdd630aa6,3de574d5-ebf4-4b85-9c88-cd60c47afe7c,CUST10017,1,2024-06-01,385.11,,0.0,130.05,255.06,42100.44,Missed
9662ba09-54b0-4024-9f2c-c0f68bee4b75,3de574d5-ebf4-4b85-9c88-cd60c47afe7c,CUST10017,2,2024-07-01,385.11,2024-07-04,385.11,130.05,255.06,41970.39,On Time
6f802957-dcbb-48a1-8931-d9752c5ba7d9,3de574d5-ebf4-4b85-9c88-cd60c47afe7c,CUST10017,3,2024-07-31,385.11,,0.0,130.84,254.27,41970.39,Missed
f3a21987-fdaf-483a-9503-e7a3d91b2b16,3de574d5-ebf4-4b85-9c88-cd60c47afe7c,CUST10017,4,2024-08-30,385.11,2024-12-19,385.11,130.84,254.27,41839.55,Late 90+ Days
873f43ef-ca39-40b1-9c05-98469211e98a,3de574d5-ebf4-4b85-9c88-cd60c47afe7c,CUST10017,5,2024-09-29,385.11,2024-09-30,385.11,131.63,253.48,41707.92,On Time
37462e01-a3e1-414f-95c2-a5335595c44e,3de574d5-ebf4-4b85-9c88-cd60c47afe7c,CUST10017,6,2024-10-29,385.11,2024-10-27,385.11,132.43,252.68,41575.49,On Time
712dca55-cb35-4780-b060-74f31f4bea9e,3de574d5-ebf4-4b85-9c88-cd60c47afe7c,CUST10017,7,2024-11-28,385.11,2024-11-25,385.11,133.23,251.88,41442.26,On Time
3d585843-3df8-418a-83d1-3d0cbd408909,3de574d5-ebf4-4b85-9c88-cd60c47afe7c,CUST10017,8,2024-12-28,385.11,2025-01-15,385.11,134.04,251.07,41308.22,Late 30 Days
25cb9984-06cc-484f-9a2e-94ba5a4a068b,3de574d5-ebf4-4b85-9c88-cd60c47afe7c,CUST10017,9,2025-01-27,385.11,2025-01-27,385.11,134.85,250.26,41173.37,On Time
11491cc8-f5f3-4ce4-8439-2209f081ffff,3de574d5-ebf4-4b85-9c88-cd60c47afe7c,CUST10017,10,2025-02-26,385.11,2025-03-02,385.11,135.67,249.44,41037.7,On Time
92cae726-bd8d-4d67-9746-5d5f9cd6e4ae,3de574d5-ebf4-4b85-9c88-cd60c47afe7c,CUST10017,11,2025-03-28,385.11,2025-04-14,385.11,136.49,248.62,40901.21,Late 30 Days
0dada690-6470-4871-af5c-16f781cefe2f,3de574d5-ebf4-4b85-9c88-cd60c47afe7c,CUST10017,12,2025-04-27,385.11,2025-04-27,385.11,137.32,247.79,40763.89,On Time
